{"train/loss": 3.9651, "train/learning_rate": 1.295880149812734e-06, "train/epoch": 1.0, "train/global_step": 5340, "_timestamp": 1696681375.638683, "_runtime": 444.70215916633606, "_step": 11, "eval/loss": 3.687225341796875, "eval/rouge1": 0.0667, "eval/rouge2": 0.0, "eval/rougeL": 0.0667, "eval/rougeLsum": 0.0667, "eval/gen_len": 5.4685, "eval/runtime": 127.9347, "eval/samples_per_second": 222.582, "eval/steps_per_second": 13.913, "train/train_runtime": 561.1101, "train/train_samples_per_second": 152.248, "train/train_steps_per_second": 9.517, "train/total_flos": 452875872239616.0, "train/train_loss": 4.173823758814665}